semaglutide,"[Subreddit(display_name='Semaglutide'), Subreddit(display_name='SourcingSemaglutide'), Subreddit(display_name='CompundedSemaglutide'), Subreddit(display_name='Peptides'), Subreddit(display_name='semaglutidecompounds'), Subreddit(display_name='SemaglutideFreeSpeech'), Subreddit(display_name='SemaglutideCompound'), Subreddit(display_name='Ozempic'), Subreddit(display_name='Tirzepatide'), Subreddit(display_name='SemaglutideandGains'), Subreddit(display_name='SemaglutideTalk'), Subreddit(display_name='WegovyWeightLoss'), Subreddit(display_name='Mounjaro'), Subreddit(display_name='Semaglutide_UK'), Subreddit(display_name='OzempicForWeightLoss'), Subreddit(display_name='Peptidesource'), Subreddit(display_name='WeightLossSemaglutide'), Subreddit(display_name='BingeEatingDisorder'), Subreddit(display_name='medicine'), Subreddit(display_name='semaglutideweightloss'), Subreddit(display_name='OzempicAustralia'), Subreddit(display_name='liraglutide'), Subreddit(display_name='science'), Subreddit(display_name='moreplatesmoredates'), Subreddit(display_name='pharmacy'), Subreddit(display_name='PCOS'), Subreddit(display_name='loseit'), Subreddit(display_name='PCOSloseit'), Subreddit(display_name='slatestarcodex'), Subreddit(display_name='triggeredbrandpeptide'), Subreddit(display_name='trt'), Subreddit(display_name='longevity'), Subreddit(display_name='stopdrinking'), Subreddit(display_name='Menopause'), Subreddit(display_name='Testosterone'), Subreddit(display_name='EverythingScience')]"
ozempic,"[Subreddit(display_name='Ozempic'), Subreddit(display_name='OzempicForWeightLoss'), Subreddit(display_name='CanadianOzempic'), Subreddit(display_name='Semaglutide'), Subreddit(display_name='Mounjaro'), Subreddit(display_name='OzempicAustralia'), Subreddit(display_name='Ozempic_suppliers'), Subreddit(display_name='diabetes_t2'), Subreddit(display_name='KUWTKsnark'), Subreddit(display_name='GLP1_Ozempic_Wegovy'), Subreddit(display_name='ozempicT2D'), Subreddit(display_name='NYCinfluencersnark'), Subreddit(display_name='loseit'), Subreddit(display_name='OzempicSellers_USA'), Subreddit(display_name='PCOS'), Subreddit(display_name='diabetes'), Subreddit(display_name='Ozempic_USA_Source'), Subreddit(display_name='calibrateweightloss'), Subreddit(display_name='redscarepod'), Subreddit(display_name='mounjaro_ozempic_road'), Subreddit(display_name='MyJuniper'), Subreddit(display_name='TheMorningToastSnark'), Subreddit(display_name='glp1'), Subreddit(display_name='tinxsnark'), Subreddit(display_name='pharmacy'), Subreddit(display_name='CommercialsIHate'), Subreddit(display_name='liraglutide'), Subreddit(display_name='type2diabetes'), Subreddit(display_name='WegovyWeightLoss'), Subreddit(display_name='MaintenancePhase'), Subreddit(display_name='CourtneyShieldsSnarks'), Subreddit(display_name='PCOSloseit'), Subreddit(display_name='BravoRealHousewives'), Subreddit(display_name='notskinnybutnotfat'), Subreddit(display_name='LAinfluencersnark'), Subreddit(display_name='SuperMorbidlyObese'), Subreddit(display_name='realhousewives'), Subreddit(display_name='PiaBaronciniSnark'), Subreddit(display_name='diabetes_t1'), Subreddit(display_name='Health'), Subreddit(display_name='FoodieBeauty'), Subreddit(display_name='BingeEatingDisorder'), Subreddit(display_name='EDAnonymous'), Subreddit(display_name='RHOBH'), Subreddit(display_name='Type1Diabetes'), Subreddit(display_name='CICO'), Subreddit(display_name='medicine'), Subreddit(display_name='Menopause'), Subreddit(display_name='Peptides'), Subreddit(display_name='fatlogic'), Subreddit(display_name='InsulinResistance'), Subreddit(display_name='PharmacyTechnician'), Subreddit(display_name='Tirzepatide'), Subreddit(display_name='canada')]"
wegovy,"[Subreddit(display_name='WegovyWeightLoss'), Subreddit(display_name='WegovyWeighIn'), Subreddit(display_name='Semaglutide'), Subreddit(display_name='Ozempic'), Subreddit(display_name='GLP1_Ozempic_Wegovy'), Subreddit(display_name='Mounjaro'), Subreddit(display_name='liraglutide'), Subreddit(display_name='glp1'), Subreddit(display_name='loseit'), Subreddit(display_name='PCOS'), Subreddit(display_name='SuperMorbidlyObese'), Subreddit(display_name='OzempicForWeightLoss'), Subreddit(display_name='saxendawegovymounjaro'), Subreddit(display_name='calibrateweightloss'), Subreddit(display_name='PCOSloseit'), Subreddit(display_name='pharmacy'), Subreddit(display_name='MaintenancePhase'), Subreddit(display_name='gastricsleeve'), Subreddit(display_name='biotech'), Subreddit(display_name='BingeEatingDisorder'), Subreddit(display_name='Health'), Subreddit(display_name='RoBody'), Subreddit(display_name='medicine'), Subreddit(display_name='1000lbbestfriends'), Subreddit(display_name='Tirzepatide'), Subreddit(display_name='semaglutidecompounds')]"
rybelsus,"[Subreddit(display_name='RybelsusPill'), Subreddit(display_name='Semaglutide'), Subreddit(display_name='Ozempic'), Subreddit(display_name='glp1'), Subreddit(display_name='CommercialsIHate'), Subreddit(display_name='diabetes'), Subreddit(display_name='diabetes_t2'), Subreddit(display_name='pharmacy'), Subreddit(display_name='OzempicForWeightLoss')]"
liraglutide,"[Subreddit(display_name='liraglutide'), Subreddit(display_name='Semaglutide'), Subreddit(display_name='medicine'), Subreddit(display_name='science')]"
saxenda,"[Subreddit(display_name='liraglutide'), Subreddit(display_name='saxendawegovymounjaro'), Subreddit(display_name='Semaglutide'), Subreddit(display_name='WegovyWeightLoss'), Subreddit(display_name='glp1'), Subreddit(display_name='PCOS'), Subreddit(display_name='Ozempic'), Subreddit(display_name='loseit'), Subreddit(display_name='Mounjaro'), Subreddit(display_name='PCOSloseit'), Subreddit(display_name='OzempicForWeightLoss'), Subreddit(display_name='SuperMorbidlyObese')]"
dulaglutide,[Subreddit(display_name='dulaglutide')]
trulicity,"[Subreddit(display_name='trulicity'), Subreddit(display_name='glp1'), Subreddit(display_name='diabetes_t2'), Subreddit(display_name='diabetes'), Subreddit(display_name='type2diabetes'), Subreddit(display_name='CommercialsIHate'), Subreddit(display_name='Mounjaro'), Subreddit(display_name='PCOS'), Subreddit(display_name='diabetes_t1'), Subreddit(display_name='Ozempic'), Subreddit(display_name='Semaglutide'), Subreddit(display_name='WegovyWeightLoss'), Subreddit(display_name='OzempicForWeightLoss')]"
tirzepatide,"[Subreddit(display_name='Tirzepatide'), Subreddit(display_name='TirzepatideSource'), Subreddit(display_name='Peptides'), Subreddit(display_name='Mounjaro'), Subreddit(display_name='Semaglutide'), Subreddit(display_name='semaglutidecompounds'), Subreddit(display_name='Ozempic'), Subreddit(display_name='medicine'), Subreddit(display_name='Peptidesource')]"
mounjaro,"[Subreddit(display_name='Mounjaro'), Subreddit(display_name='MounjaroMaintenance'), Subreddit(display_name='MindfulMounjaro'), Subreddit(display_name='Semaglutide'), Subreddit(display_name='Ozempic'), Subreddit(display_name='Mounjaro_ForType2'), Subreddit(display_name='MounjaroSnark'), Subreddit(display_name='Tirzepatide'), Subreddit(display_name='pharmacy'), Subreddit(display_name='mounjaro_moms'), Subreddit(display_name='mounjaroweightloss'), Subreddit(display_name='progresspics'), Subreddit(display_name='OzempicForWeightLoss'), Subreddit(display_name='mounjaromeals'), Subreddit(display_name='Mounjaroadvice'), Subreddit(display_name='WegovyWeightLoss'), Subreddit(display_name='diabetes_t2'), Subreddit(display_name='calibrateweightloss'), Subreddit(display_name='PCOS'), Subreddit(display_name='mounjaro_ozempic_road'), Subreddit(display_name='diabetes'), Subreddit(display_name='WalgreensRx'), Subreddit(display_name='glp1'), Subreddit(display_name='PharmacyTechnician'), Subreddit(display_name='AarynWilliams'), Subreddit(display_name='CVS'), Subreddit(display_name='PCOSloseit'), Subreddit(display_name='Peptides'), Subreddit(display_name='walmart_RX'), Subreddit(display_name='liraglutide'), Subreddit(display_name='SuperMorbidlyObese')]"
victoza,"[Subreddit(display_name='Victoza'), Subreddit(display_name='Semaglutide'), Subreddit(display_name='liraglutide'), Subreddit(display_name='diabetes'), Subreddit(display_name='diabetes_t2'), Subreddit(display_name='glp1'), Subreddit(display_name='type2diabetes'), Subreddit(display_name='Ozempic'), Subreddit(display_name='PCOS'), Subreddit(display_name='PCOSloseit')]"
bydureon,"[Subreddit(display_name='glp1'), Subreddit(display_name='bydureon')]"
byetta,[Subreddit(display_name='glp1')]
GLP-1RA,"[Subreddit(display_name='Semaglutide'), Subreddit(display_name='GLP1_Ozempic_Wegovy'), Subreddit(display_name='glp1peptides'), Subreddit(display_name='GLP1Revolution'), Subreddit(display_name='GLP1Circlejerk'), Subreddit(display_name='glp1'), Subreddit(display_name='commandandconquer'), Subreddit(display_name='WegovyWeightLoss'), Subreddit(display_name='listentothis'), Subreddit(display_name='Retatrutide'), Subreddit(display_name='rad140'), Subreddit(display_name='Mazdutide'), Subreddit(display_name='ravepriest1'), Subreddit(display_name='Ram1500'), Subreddit(display_name='RavensvsChiefsLive1'), Subreddit(display_name='RamsvsBuccaneersLive1'), Subreddit(display_name='RavensvsSaintsLive1'), Subreddit(display_name='RaidersDolphinsLive1'), Subreddit(display_name='RavensvsLionsLive1'), Subreddit(display_name='RaidersvsTitansLive1'), Subreddit(display_name='RavensvsGiantsLive1'), Subreddit(display_name='RaidersvsSaintslive1'), Subreddit(display_name='RateMyArt1to10'), Subreddit(display_name='RacingF1ction'), Subreddit(display_name='baseballcards'), Subreddit(display_name='RANK10TRAINS'), Subreddit(display_name='RainbowTiger14Snark'), Subreddit(display_name='RAF100Event')]"
GLP-1,"[Subreddit(display_name='Semaglutide'), Subreddit(display_name='Mounjaro'), Subreddit(display_name='Ozempic'), Subreddit(display_name='WegovyWeightLoss'), Subreddit(display_name='GLP1_Ozempic_Wegovy'), Subreddit(display_name='vegastrees'), Subreddit(display_name='medicine'), Subreddit(display_name='glp1peptides'), Subreddit(display_name='GLP1Revolution'), Subreddit(display_name='Tirzepatide'), Subreddit(display_name='calibrateweightloss'), Subreddit(display_name='GLP1Circlejerk'), Subreddit(display_name='glp1'), Subreddit(display_name='pharmacy'), Subreddit(display_name='Peptides'), Subreddit(display_name='moreplatesmoredates'), Subreddit(display_name='Supplements'), Subreddit(display_name='Mazdutide'), Subreddit(display_name='ketoscience'), Subreddit(display_name='PCOSloseit'), Subreddit(display_name='Retatrutide'), Subreddit(display_name='BIOR'), Subreddit(display_name='hotchickswithguns'), Subreddit(display_name='beautytalkph'), Subreddit(display_name='BayRap')]"
GLP1,"[Subreddit(display_name='glp1'), Subreddit(display_name='GLP1_Ozempic_Wegovy'), Subreddit(display_name='Mounjaro'), Subreddit(display_name='Semaglutide'), Subreddit(display_name='WegovyWeightLoss'), Subreddit(display_name='glp1peptides'), Subreddit(display_name='GLP1Revolution'), Subreddit(display_name='GLP1Circlejerk'), Subreddit(display_name='Mazdutide'), Subreddit(display_name='Retatrutide'), Subreddit(display_name='hotchickswithguns'), Subreddit(display_name='beautytalkph'), Subreddit(display_name='BayRap')]"
GLP1RA,"[Subreddit(display_name='Semaglutide'), Subreddit(display_name='GLP1RA'), Subreddit(display_name='GLP1_Ozempic_Wegovy'), Subreddit(display_name='glp1peptides'), Subreddit(display_name='GLP1Revolution'), Subreddit(display_name='GLP1Circlejerk'), Subreddit(display_name='glp1'), Subreddit(display_name='commandandconquer'), Subreddit(display_name='WegovyWeightLoss'), Subreddit(display_name='listentothis'), Subreddit(display_name='Retatrutide'), Subreddit(display_name='rad140'), Subreddit(display_name='Mazdutide'), Subreddit(display_name='ravepriest1'), Subreddit(display_name='Ram1500'), Subreddit(display_name='RamsvsBuccaneersLive1'), Subreddit(display_name='RavensvsChiefsLive1'), Subreddit(display_name='RavensvsSaintsLive1'), Subreddit(display_name='RaidersDolphinsLive1'), Subreddit(display_name='RavensvsLionsLive1'), Subreddit(display_name='RaidersvsTitansLive1'), Subreddit(display_name='RavensvsGiantsLive1'), Subreddit(display_name='RaidersvsSaintslive1'), Subreddit(display_name='RateMyArt1to10'), Subreddit(display_name='RacingF1ction'), Subreddit(display_name='baseballcards'), Subreddit(display_name='RainbowTiger14Snark'), Subreddit(display_name='RANK10TRAINS'), Subreddit(display_name='RAF100Event')]"
exenatide,[]
bydureon bcise,[]
orforglipron,"[Subreddit(display_name='orforglipron'), Subreddit(display_name='orforglipron')]"
lixisenatide,[]
adlyxin,[Subreddit(display_name='glp1')]
retatrutide,"[Subreddit(display_name='Retatrutide'), Subreddit(display_name='Peptides'), Subreddit(display_name='Mounjaro')]"
ly3437943,[Subreddit(display_name='LY3437943')]
